Account,Won,Webinar,Conference,Website,Preqs,Trials,MKT,Partner,BVA,Eval,TotalNames,MQL,PardotScore
"Capital One Services, LLC",1413650,74,183,29,0,5,498,0,1,0,896,97,25480
HSBC,1339350,28,60,15,0,4,106,0,0,1,192,60,12464
Bank of America Corporation,1171670,47,74,29,0,12,155,0,1,0,411,37,11004
Standard Chartered,955000,7,10,8,1,2,26,0,1,1,86,13,3084
In-Q-Tel,853846,0,0,1,0,1,1,0,0,0,7,1,440
Western Digital,600000,5,8,6,1,2,20,0,0,0,185,11,3056
Canadian Imperial Bank of Commerce,544468,19,8,4,1,0,32,5,3,0,330,6,981
HomeAway.com,386100,8,16,3,0,0,29,0,1,0,166,13,3688
Fifth Third Bank,375000,7,5,6,0,4,21,0,0,0,67,8,3102
Eli Lilly & Co.,331250,3,6,1,0,0,13,0,1,1,78,6,1543
ViaSat,305540,11,8,4,0,2,31,0,0,1,104,16,5694
Salesforce.com,295817,17,17,28,0,20,81,2,0,0,434,39,12226
Navy Federal Credit Union,290000,6,4,0,0,0,24,0,0,0,92,13,2428
QUALCOMM,283278,15,80,7,1,3,112,0,0,1,345,68,10901
Allstate,279784,27,46,10,0,3,89,0,0,1,164,46,11775
ABN AMRO Bank N.V.,265816,4,7,1,0,1,17,6,1,0,38,4,1408
ServiceNow,260000,4,36,5,0,1,52,0,1,0,81,15,5635
Express Scripts,250000,13,26,4,0,3,52,0,1,0,129,29,5919
Intel,250000,27,79,20,3,2,305,1,0,2,687,61,11642
Indeed,249996,1,10,1,0,1,20,0,0,1,119,13,2145
Liberty Mutual Insurance Company,239499,12,13,1,0,0,67,0,0,1,277,9,2531
"Ventech Solutions, Inc.",234900,2,4,1,0,0,9,5,0,0,22,5,2320
Societe Generale BSC,234824,1,0,1,0,0,3,0,0,1,3,3,634
BNP CIB,233936,4,0,6,3,3,11,0,0,0,25,8,2453
"Toyota Motor North America, Inc.",224375,2,12,4,2,1,40,1,0,0,171,5,1010
Samsung Semiconductor Austin,223147,5,4,0,0,0,49,0,0,0,105,5,881
Advanced Micro Devices,220000,1,1,0,0,0,11,0,0,0,151,1,89
LATAM Airlines Group,192780,1,4,4,0,2,11,4,1,1,18,4,1572
DZ Bank AG,191883,4,2,3,0,3,10,3,0,0,27,5,1443
Desjardins Group,191019,2,2,3,0,3,10,0,3,1,59,5,1098
"Autodesk, Inc.",190937,24,52,15,0,5,93,0,0,0,289,42,12476
Swedbank AB,190543,1,1,2,0,0,5,0,0,0,62,3,1413
Huawei Technologies,182231,2,31,10,0,7,63,4,0,1,200,14,4077
American Airlines,181669,24,27,6,0,4,158,1,1,1,517,86,15707
OCC (Options Clearing Corporation),175619,2,2,1,0,0,16,0,0,1,20,9,1210
Rally Health,174000,0,0,3,1,2,14,0,2,0,47,3,673
NetSuite Subscriptions test,172800,0,0,0,0,0,0,0,0,0,0,0,0
Cisco-NC ENG IT/TSM,171418,0,2,0,0,0,2,0,1,0,4,3,945
Royal Bank of Canada,171158,4,16,3,1,1,34,4,0,0,321,13,1976
Sirius XM Radio Inc.,170240,7,2,0,0,0,14,1,0,1,49,12,2155
Cray Inc.,169750,1,3,1,1,0,30,2,1,0,66,2,429
Allied Irish Banks plc,166910,3,1,0,0,0,7,1,2,1,27,4,1493
Discover Financial Services,165820,14,10,6,1,5,35,0,0,1,68,13,4064
BNSF Railway,160826,3,2,3,0,1,30,0,1,0,128,9,1280
Freddie Mac,159309,7,14,7,0,4,61,1,0,0,133,47,6778
FedEx,158300,19,79,9,0,2,101,0,1,1,228,71,13640
State Street Corp.,154632,17,14,5,1,3,48,0,0,1,120,17,4289
"Morningstar Financial, Inc.",152136,4,16,1,0,1,27,0,0,0,61,5,1290
Docker,149000,3,11,2,1,0,38,0,2,0,117,3,1198
Pearson Education,145000,7,4,2,1,1,42,0,0,0,250,8,1902
Schneider National,143422,4,9,5,1,3,18,1,0,0,25,5,2095
Northwestern Mutual,143100,4,58,7,0,0,77,0,0,1,177,21,4181
Harris Main,137403,0,0,0,0,0,0,0,0,0,3,0,0
Broadridge Financial,135900,14,31,6,0,1,50,2,1,0,199,12,3035
"Ellie Mae, Inc.",135440,2,11,3,0,1,31,0,0,0,114,2,1077
Waitrose,131323,1,3,1,0,0,7,5,0,1,25,16,6980
US Department of the Treasury,131220,0,3,0,0,0,6,0,0,0,10,0,56
Renault,130243,2,1,2,0,1,5,3,0,1,11,1,389
IKEA IT AB,128490,0,7,1,0,1,8,0,1,1,54,4,791
Ellucian,118147,6,19,7,0,5,39,0,2,0,85,14,4587
Nokia Mobile Networks,115349,4,6,1,0,0,11,0,1,0,14,6,869
Thomson Reuters (Markets) LLC,113138,31,65,11,0,6,121,1,0,0,707,28,8988
Fannie Mae,109880,33,53,11,0,4,167,1,0,0,363,101,17377
Barclays,107738,17,58,4,0,1,80,7,0,1,178,53,8093
Santander Produban Brazil,106000,7,3,1,1,0,10,3,0,0,11,3,1104
Depository Trust & Clearing Corporation,98880,15,27,8,0,1,66,2,0,0,125,20,4738
PG&E Corporation,96984,5,6,2,0,1,14,2,0,0,64,6,1368
"T-Mobile USA, Inc",94397,25,47,14,2,6,119,2,0,0,248,26,8316
Citrix,94000,11,18,2,0,2,122,0,0,0,386,18,3193
Internal Revenue Service (IRS),93719,1,23,0,0,0,37,4,2,0,45,8,1227
CrowdStrike,91000,2,4,0,0,0,6,0,1,0,28,5,1956
Murex,90996,11,11,2,1,1,29,0,0,0,39,7,2782
Cigna,88978,32,21,7,0,0,67,0,0,0,232,42,12010
BASF Business Services GmbH,86333,0,0,2,1,0,3,0,0,0,5,2,757
Siemens AG - GS IT,86333,0,0,2,1,0,2,0,0,0,4,3,321
FEMA - Office of the Chief Technology Officer (FEMA OCTO),85000,0,0,1,1,0,2,0,0,0,2,1,250
Boeing Company,84834,3,26,12,3,5,45,4,0,1,397,20,4841
Engie-France,84805,2,0,3,0,1,4,1,0,0,6,3,1242
Roche Diagnostics International AG,84663,7,15,5,0,2,28,0,0,0,151,18,5014
Daimler AG,83861,7,9,8,0,7,30,3,0,0,163,12,2659
TD Bank - Cloud Engineering,83818,0,0,0,0,0,0,2,0,0,0,0,0
Ruckus Wireless  Inc.,82550,0,1,2,0,1,7,0,0,0,98,5,1396
Zürcher Kantonalbank,82131,0,0,2,0,1,5,0,0,1,25,4,1158
Delta Dental of Michigan,81564,2,1,1,0,0,4,0,2,0,17,3,1558
Acquia Inc.,81000,0,7,1,0,1,10,0,0,0,228,7,1879
"Aruba, a Hewlett-Packard Enterprise Company",77740,2,13,1,0,1,44,0,0,0,156,4,669
Visa Inc.,72832,5,31,7,0,5,53,0,0,0,195,13,3509
Raytheon Company,72750,17,64,14,1,6,97,4,0,0,557,32,8084
"ADTRAN, Inc.",72705,2,2,2,0,0,8,1,0,0,32,8,3120
ADP Added Value Services (AVS),70550,4,4,2,0,1,7,3,0,0,11,7,1361
United Parcel Service,69678,37,17,9,0,6,60,1,0,0,110,31,9371
Sun Life Financial,68000,3,8,5,1,2,23,0,0,1,76,12,2031
TSA Secure Flight,67060,0,0,0,0,0,0,1,0,0,1,1,282
First Republic Bank,66688,7,3,1,0,0,12,0,0,0,81,7,1931
Fidelity Investments (CTG),66538,6,1,2,0,0,10,0,1,0,14,2,493
Thrivent Financial for Lutherans,66150,9,15,3,0,1,26,0,0,0,43,8,2798
Accenture UK,65249,0,1,1,0,1,2,0,0,0,5,2,464
Centene,64748,9,7,5,0,1,26,2,0,0,201,14,3062
DBSingapore - PCF Team,64371,1,0,0,0,0,1,2,0,1,7,4,3678
Societe Generale ITIM,60436,0,0,0,0,0,2,0,0,1,3,1,100
Office of the Chief Information Officer (NIH OCIO),59231,1,8,3,1,1,24,0,0,0,26,3,555
AmerisourceBergen,58346,1,7,1,0,0,16,1,0,0,121,10,1379
Oportun,55000,0,0,1,0,0,1,1,0,0,22,3,167
MasterCard,53478,21,19,13,0,7,59,0,0,0,320,38,8185
Intesa Sanpaolo,53061,0,10,0,0,0,13,3,0,1,16,5,1135
BBVA Banco Continental,52867,0,0,0,0,0,0,0,0,1,0,0,0
Western Union,51850,1,2,3,2,1,66,1,0,0,217,5,732
Synopsys,51004,18,13,7,1,2,41,0,0,0,132,24,5157
American Express (AE),50303,0,0,0,0,0,0,0,2,0,2,0,50
California Franchise Tax Board,50050,2,1,3,1,0,4,1,0,0,23,5,1549
Duke Energy Corporation,49308,22,13,6,0,1,159,0,0,0,285,24,7925
Bayer Business Services GmbH,49157,2,4,3,0,0,5,4,0,0,13,4,1367
Bank of the West,48500,0,4,1,1,1,5,2,0,0,94,1,635
Wells Fargo Digital Channels Technology,48191,0,0,0,0,0,0,0,0,0,0,0,0
Church Pension Group,47984,1,1,1,0,1,3,1,0,0,5,2,751
MasterCard (Vocalink),47243,2,1,2,1,0,3,0,0,0,10,5,906
Capital One - Europe,45000,3,4,1,0,1,9,0,0,0,47,5,1059
Apple Special Projects Group,44868,0,1,1,1,0,2,3,0,0,2,2,535
Unisys-Zivra-NOVA-MSP,42725,0,0,0,0,0,0,1,0,0,0,0,0
U.S. Customs and Border Protection (CBP),41055,1,1,4,0,3,8,0,0,0,13,2,912
Esurance Inc.,40368,3,13,1,0,1,15,0,0,0,64,6,1795
Delta Dental of California,40000,0,7,2,0,2,11,0,0,0,118,4,1143
Eclipse Foundation,40000,0,0,1,0,1,1,0,0,0,8,1,503
Health Care Service Corporation (Blue Cross Blue Shield),39882,6,3,2,0,2,21,0,1,0,212,13,2386
Moody's Corporation,39622,7,9,6,1,1,18,4,0,0,34,8,2457
Entergy LLC,38800,1,1,2,1,1,5,1,0,0,54,5,2203
TIAA-CREF,38302,23,15,5,0,1,38,3,0,0,171,21,3948
Decennial Management Division (DMD),38302,0,0,0,0,0,0,2,0,0,3,0,6
BMW AG / Team Financial Service,37711,0,0,1,0,1,1,2,0,0,1,1,607
HPE-HUD-HITS,36758,11,83,16,0,7,130,1,0,0,144,21,6586
General Motors,36490,22,15,9,0,4,66,0,0,0,208,24,4864
23andMe,36000,3,4,2,0,2,46,0,0,0,87,5,1303
Ohio National Financial Services,36000,1,1,1,0,0,1,1,0,0,4,1,765
SiriusXM,36000,2,4,1,0,1,8,1,0,0,11,5,1223
AIG,35446,16,47,13,1,6,74,5,0,0,153,36,7306
Western Asset Management,35304,1,0,1,0,1,3,2,0,0,6,4,1323
Raytheon GPS-OCX Program,35029,0,0,2,0,1,2,4,0,0,2,1,227
TD Bank Financial Group,34863,7,10,16,1,15,41,3,0,0,390,22,4657
Leonteq Securities AG,34533,0,0,1,1,0,1,0,0,0,2,2,553
Sears Holdings Corporation,34088,1,0,2,0,1,5,1,0,0,195,4,1094
Bosch North America,34008,1,1,0,0,0,1,0,0,0,17,2,482
Meridian Health Plan,34000,1,5,0,0,0,8,1,0,0,23,6,951
Experian Americas Company,33508,17,46,7,0,2,75,0,0,0,505,22,6777
Frequentis AG,33206,0,1,2,0,1,9,0,0,0,24,7,1981
Scotiabank,32623,7,36,5,0,3,56,3,0,0,451,33,6309
Canadian Tire,32172,0,0,2,0,2,6,0,0,0,228,6,1720
Payments Canada,32000,5,3,2,1,1,7,0,0,0,12,4,705
Kmart Australia Limited,32000,1,1,2,0,0,2,1,0,0,9,5,1059
"Raymond James & Associates, Inc.",31403,3,12,0,0,0,43,0,0,0,111,4,822
Raytheon Company [IIS-Justice] (child),31225,2,12,3,0,0,14,7,0,0,39,4,762
Blackhawk Network,30322,4,8,3,1,1,16,0,0,0,35,10,2537
General Mills,30305,7,2,3,0,0,24,0,0,0,114,10,1739
DocuSign,30000,1,8,0,0,0,21,0,0,0,219,15,1630
Fidelis Care,30000,0,4,2,1,0,6,0,0,0,26,6,962
Fitbit,30000,1,1,0,0,0,13,0,1,0,130,2,282
Veracode,30000,4,9,1,0,0,32,0,0,0,76,8,2298
Ionic Security,29986,1,2,0,0,0,4,0,0,0,33,5,1106
T. Rowe Price,29871,4,6,3,0,2,18,0,0,0,121,7,1920
Republic Services,29366,0,2,0,0,0,4,0,0,0,42,3,488
CoreLogic,29158,7,6,4,1,3,21,4,1,1,127,13,3132
Craftsy,29100,0,1,0,0,0,3,0,0,0,13,1,109
"Fujitsu Network Communications, Inc.",29006,19,37,0,0,0,67,0,0,0,100,25,4448
EMC Corporation / XtremeIO,28784,1,0,0,0,0,1,0,0,0,1,0,50
Vistaprint,28421,6,12,7,0,4,28,0,0,0,76,11,4869
American National Standards Institute,28000,0,0,1,0,1,3,1,0,0,3,3,556
Kohl's Corporation,27882,5,6,3,0,1,26,2,1,0,116,14,2682
"Agilent Technologies, Inc.",27871,3,2,0,0,0,6,2,0,0,60,4,739
Airbus Defense and Space GmbH,27840,4,6,3,0,1,13,3,0,0,24,4,1092
Blue Cross Blue Shield of Kansas City,27625,0,1,1,0,0,10,1,1,0,42,1,238
SoftBank,27140,0,0,0,0,0,2,3,0,0,4,2,256
Efluid,27096,0,6,1,0,0,9,4,0,0,13,2,606
Intuit,27000,12,48,14,1,9,112,0,0,0,445,48,8220
Wells Fargo Shared Services,26845,0,0,0,0,0,0,0,0,0,0,0,0
Plex Gmbh,26420,0,0,2,2,0,2,0,0,0,3,2,353
The Ohio State University,26040,2,5,4,1,2,9,1,0,1,17,4,2104
BetBright,25521,2,0,2,0,2,2,0,0,0,3,2,2481
Foundation Medicine,25000,2,0,4,0,0,6,0,0,0,16,5,2428
Apttus Corporation,25000,1,1,2,1,1,45,0,0,0,99,4,1648
Development Bank of Singapore*,24750,1,10,6,0,6,17,7,0,0,24,2,1069
eHarmony.com,24470,3,0,1,0,1,6,0,0,0,27,7,1408
Air Force-GCSS,24300,0,0,0,0,0,0,1,0,0,0,0,0
Federal Emergency Management Agency (FEMA),24300,2,1,1,1,1,8,0,0,0,9,2,788
EverBank,24250,0,1,1,0,0,2,1,0,0,12,1,218
Woolworths,24066,1,0,3,0,1,3,1,0,0,6,2,940
Foot Locker,24000,4,1,2,0,1,20,1,0,0,66,7,1664
Office Depot,24000,8,11,4,2,1,26,0,1,1,113,13,2871
Simpli.fi,24000,0,0,1,1,0,1,0,0,0,24,2,524
"Medtronic, Inc.",23800,8,8,1,0,0,31,0,1,1,335,14,2343
Novartis Pharma AG,23734,2,1,2,1,1,36,2,0,0,57,3,1249
Continental Automotive GmbH,23340,4,2,3,0,0,13,2,0,0,26,11,2409
U.S. Cellular,23162,5,8,2,1,0,51,1,0,0,129,6,2664
Axa insurance Belgium,23153,5,9,6,0,2,20,2,2,0,33,12,2774
Seguros Suramericana,22950,3,7,1,0,0,9,5,1,0,12,7,2431
Red Bull,22546,0,3,2,0,1,6,1,0,1,14,4,821
Deutsche Börse AG,22312,2,5,5,0,2,11,0,0,0,24,4,1101
Merck & Co.  Inc.,21583,2,31,4,1,2,40,0,0,1,96,7,2102
Mozilla Corporation,21520,0,2,0,0,0,4,0,0,0,59,4,624
APL Logistics,21420,0,0,1,0,1,1,1,0,0,13,1,250
Travelers Companies,21311,22,16,10,0,1,46,0,0,0,190,25,11281
Walmart Global,21125,2,0,0,0,0,2,0,1,0,88,1,231
Nokia Solutions and Networks Oy,21110,43,144,33,2,7,207,1,1,2,418,52,12584
FirstBank Holding Company,20536,0,0,0,0,0,0,0,0,0,23,1,50
Webmd Health Corp.,20456,4,1,3,1,1,5,0,0,0,32,5,2749
"Kestra Financial, Inc.",20000,0,0,1,1,0,1,0,0,0,5,3,450
Meritor,20000,0,0,1,1,0,1,0,0,0,7,3,782
Safe Software,20000,1,2,1,0,1,4,0,0,1,9,2,475
Kaiser Permanente,19629,10,21,4,2,2,79,1,0,0,221,21,4130
IBM Watson Health,19400,0,2,0,0,0,2,1,0,0,2,0,6
Dimension Data North America Inc.,19320,2,6,0,0,0,13,0,0,0,54,5,308
CARFAX,19250,2,26,2,1,2,32,0,0,0,46,7,1836
State of Colorado,19200,0,0,1,1,0,1,2,0,0,6,1,318
Citizens Property Insurance Corporation,19026,4,3,1,0,1,6,1,0,0,27,4,1651
Microsemi Corporation,18850,0,1,1,1,0,7,0,0,0,40,3,550
Symantec,18666,27,33,18,1,7,171,1,1,0,532,46,12827
Kpit technologies ltd,18000,3,0,4,0,4,7,1,0,0,10,4,1211
Union Bank,16968,6,8,4,1,2,16,0,0,0,35,12,3498
S&P Global,16487,10,12,2,0,0,23,0,1,0,221,9,2050
Northwestern University,16167,3,5,4,0,3,11,1,0,0,23,9,3144
Wolters Kluwer Clinical Solutions,16085,4,1,1,0,0,7,0,0,0,20,5,1419
American Student Assistance,16000,2,2,0,0,0,2,0,1,0,3,2,1416
Alcatel-Lucent - Canada,15667,0,0,0,0,0,0,0,0,0,30,2,656
Airline Tariff Publishing Company (ATPCO),15262,5,11,5,0,0,19,1,0,0,38,11,2911
Marquardt Service GmbH,15176,1,0,2,0,1,3,2,0,0,14,3,527
United States Postal Service,15112,1,2,1,0,0,17,3,0,0,25,3,283
Eaton Vance,14893,2,3,2,0,0,4,0,0,0,10,3,1113
Financial Engines,14706,2,12,2,0,0,17,0,0,0,50,6,1538
PT Bank Tabungan Pensiunan Nasional,14680,0,1,2,1,1,2,1,0,0,3,2,955
Liberty Mutual Insurance International,14635,0,0,0,0,0,0,0,0,0,3,1,156
Revcontent,14600,0,1,2,0,2,5,0,0,1,9,2,305
Aetna Life Insurance Company,14599,20,30,1,0,1,83,3,0,0,479,36,6555
Banco de la Republica,14400,1,1,0,0,0,1,1,0,0,2,2,786
Electronic Arts,14000,23,23,11,0,7,62,0,1,0,232,22,5774
Deutsche Post DHL Group,13853,1,1,1,0,1,2,3,0,0,16,1,754
Credit Suisse UK,13565,1,10,2,0,1,15,0,0,1,84,8,1488
Nuxeo,13534,0,6,2,0,2,9,0,0,0,17,4,1353
PDT Partners LLC,13200,0,0,1,0,1,1,0,0,0,9,2,321
Assicurazioni Generali S.p.A.,13117,1,1,0,0,0,3,5,0,0,16,3,611
Temenos,13042,8,6,3,0,0,17,0,0,1,24,13,5119
Basis Tecnologia da Informação S.A.,12750,1,0,1,0,1,2,2,0,0,2,1,1206
Fastly,12500,0,2,1,0,1,3,0,0,0,33,2,400
Transportation Security Administration (TSA),12399,1,4,0,0,0,13,1,0,0,17,2,438
TD Auto Finance,12368,2,0,0,0,0,3,1,0,0,9,3,885
Siemens AG - Schweiz,12127,1,0,1,1,0,1,0,0,0,22,3,2391
Idaho Power Company,12125,1,1,0,0,0,3,0,0,0,10,0,50
"RSA, The Security Division of EMC",12050,2,3,0,0,0,8,0,0,0,60,2,1232
Rockwell Collins,12025,1,11,0,0,0,23,0,0,0,180,5,1031
County of Alameda,12000,0,0,0,0,0,1,1,0,0,14,1,674
Entel,12000,1,13,1,0,0,14,1,0,1,15,8,1560
ImageWare Systems Inc,12000,2,1,1,0,0,2,0,0,0,9,2,1557
"Primerica Financial Services, Inc.",12000,1,1,1,0,0,6,0,0,0,17,4,180
WeatherBug,12000,0,2,0,0,0,2,0,0,0,14,7,885
Comcast Corporation,11966,14,60,11,1,4,187,1,2,0,391,16,2857
"Mount Sinai Health System, Inc.",11500,1,0,0,0,0,3,0,0,0,10,4,1113
The Wharton School of Business,11494,1,1,0,0,0,3,0,0,0,7,3,1073
Genworth Financial,11480,7,11,1,0,1,58,0,0,0,123,9,2066
LiveAction,11285,2,1,0,0,0,2,0,0,0,5,2,1104
Exelon Corporation,11204,5,2,4,0,3,17,1,0,0,181,7,2265
The Hartford,11131,8,10,6,0,0,32,4,0,0,238,13,3619
Safeway,10750,0,0,0,0,0,3,0,0,0,138,7,859
Federal Reserve Bank of New York,10720,3,2,2,0,1,10,4,0,0,29,6,1598
European Patent Office EPO,10654,0,2,0,0,0,2,0,0,0,10,3,650
"Blackline Systems, Inc.",10575,1,4,1,0,1,7,0,0,0,13,1,825
Edward Jones,10520,5,3,2,0,0,12,0,0,0,45,8,1709
Centers for Medicare & Medicaid Services Web and New Media,10314,0,6,2,0,1,11,5,0,0,20,3,1191
Brandt Information,10000,0,0,1,1,1,1,0,0,0,3,2,811
Google,10000,6,29,70,1,3,109,0,0,0,380,71,9588
National Education Association (NEA),10000,1,0,2,1,0,4,0,0,0,16,3,816
ThoughtSpot Inc,10000,1,4,2,0,1,5,0,0,0,26,4,985
UCLA,9999,0,9,1,0,1,13,0,0,0,17,6,840
BMW Group IT,9989,1,1,1,0,0,1,2,0,0,4,2,454
Klaverblad Verzekeringen,9766,1,1,3,0,1,8,1,0,0,14,4,1763
McAfee,9723,5,31,5,1,1,42,0,1,0,208,36,4540
CIG,9700,5,11,1,0,0,14,0,0,0,34,11,3981
Arizona State University,9643,1,6,1,0,1,20,2,0,0,71,8,1636
Harbor Freight Tools,9600,0,0,0,0,0,0,1,0,0,37,2,350
ZF CEC,9497,0,0,1,0,1,7,0,0,0,10,4,2067
Ferguson Enterprises,9295,4,8,2,0,1,27,2,0,0,126,5,1050
TTTech Computertechnik,9197,0,0,2,0,0,4,0,1,1,11,2,1071
BCBS of AZ,9000,3,0,1,0,1,11,2,0,0,56,3,962
MUFG Bank,8877,0,0,1,0,1,1,0,0,0,13,5,771
Lufthansa Technik AG,8875,1,3,1,1,0,5,3,0,1,10,3,1253
"Medallia, Inc.",8840,2,12,1,0,0,19,0,0,0,28,6,1316
Loblaw Companies/ George Weston Limited,8554,1,0,1,0,1,3,1,0,0,25,2,318
Prosper Marketplace,8500,0,2,2,0,1,4,0,0,0,30,7,1252
DaVita,8321,4,8,2,0,1,15,2,0,0,96,6,1346
U.S. Department of State,8155,0,1,0,0,0,10,1,0,0,11,1,109
Talyst,8000,0,0,0,0,0,0,1,0,0,1,0,0
Service-Flow,7729,0,1,1,1,0,2,0,0,0,3,1,336
"Advent Software, Inc.",7650,4,3,2,0,1,6,0,0,0,150,3,1430
Verizon - Fios Lab,7600,1,0,0,0,0,1,0,0,0,3,0,68
Shape Security,7500,0,0,0,0,0,3,0,0,0,34,3,857
Toyota Industries Corporation (Techmatrix Sourced),7475,1,0,1,0,0,1,1,0,0,2,1,667
"Vantiv, LLC",7292,3,4,1,0,0,11,0,0,0,46,2,824
"Trading Technologies International, Inc.",7275,1,1,1,0,1,4,0,0,0,44,4,1357
The Guardian Life Insurance Company of America,7200,3,6,1,0,1,16,2,0,0,82,3,1698
Banca Popolare di Sondrio,7142,0,1,0,0,0,1,2,0,0,2,1,284
Tendril,7048,0,1,0,0,0,2,0,0,0,6,3,564
ESPN,7000,0,2,0,0,0,3,0,0,0,49,3,356
IAG New Zealand LTD,6903,0,0,0,0,0,0,1,0,0,2,0,0
"[24]7.ai, Inc.",6732,2,1,2,0,0,12,0,0,0,56,5,1537
Centers for Medicare and Medicaid Services (CMS),6702,6,2,0,0,0,10,2,0,0,11,4,2766
Hulu,6675,1,5,1,0,0,15,0,0,1,277,5,926
KAR Auction Services,6650,3,5,0,0,0,8,2,0,0,19,10,2761
PricewaterhouseCoopers LLP,6500,11,49,17,4,5,98,0,0,0,299,14,4180
"AISIN SEIKI Co.,Ltd.",6500,0,0,1,0,1,2,1,0,0,2,1,400
Bluegreen Vacations,6500,0,0,0,0,0,2,2,0,0,6,1,150
REZ-1,6500,0,3,1,0,0,5,0,0,0,14,3,1620
Nordic Semiconductor ASA,5904,0,0,0,0,0,1,0,0,0,10,3,757
U.S. General Services Administration,5660,5,22,2,0,1,38,4,0,0,44,7,4438
HUK-COBURG,5533,0,0,3,0,1,3,4,0,0,10,2,1047
Westpac Banking Corporation,5042,5,3,10,0,8,20,1,0,0,46,9,2125
Audioworks,5000,0,0,2,1,1,2,0,0,0,2,2,321
NinthDecimal,5000,0,0,0,0,0,0,0,0,0,3,1,159
Robin Powered,5000,1,0,0,0,0,1,0,0,0,5,1,945
Rodan + Fields,5000,2,4,1,0,0,5,0,0,0,17,3,635
Synthetic Genomics,5000,0,2,1,1,0,3,0,0,0,6,2,540
Watchguard Technologies,5000,2,6,0,0,0,8,0,0,1,13,6,1057
Farm Credit Services of America,5000,1,0,1,0,0,3,0,1,0,8,3,657
Redbend LTD,4992,1,0,0,0,0,1,1,0,0,18,4,737
FIS Mobile,4962,3,3,1,0,1,11,1,0,0,20,3,647
Sutter Health,4958,3,3,3,0,2,14,3,0,0,157,5,1461
Veritas Technologies LLC,4928,19,15,8,0,1,55,0,0,0,169,20,3342
Citigroup Inc.,4697,22,20,12,0,4,76,0,0,1,249,23,6133
DiscoverOrg,4600,1,0,1,0,1,2,0,0,0,9,2,472
"Rent-A-Center Texas, L.P.",4250,1,5,1,0,1,24,0,0,0,93,8,1819
QBE Americas Inc,4203,0,0,0,0,0,0,0,1,0,33,1,269
BNP Paribas - Fortis Banque SA,4149,11,8,6,0,1,31,13,0,0,50,17,4700
Encore Capital Group Inc,4000,2,20,0,0,0,24,1,0,0,41,6,1144
American Family Insurance,3968,7,15,4,0,1,43,0,0,0,202,12,3152
American Express (GBT),3927,0,0,1,0,1,1,2,1,0,1,0,100
TomTom International B.V.,3883,2,8,3,0,1,18,1,0,0,42,5,2501
Royal Bank of Canada - Capital Markets,3843,1,1,0,0,0,1,0,0,0,1,1,413
Kuehne + Nagel (AG & Co.) KG,3829,2,2,1,0,1,6,3,0,1,29,5,782
Randstadgroep Nederland,3791,0,1,1,0,0,2,1,0,0,3,2,718
Bloomberg Finance L.P.,3560,10,13,3,1,0,32,2,0,1,118,17,2312
ATB Financial,3500,0,1,0,0,0,16,2,0,0,78,4,704
Vantiv - eCommerce,3464,0,1,0,0,0,2,0,0,0,11,3,864
Procter & Gamble,3395,0,1,0,0,0,2,1,0,0,167,4,470
FINRA,3150,3,8,0,0,0,22,0,1,0,51,5,944
Bet365,3058,2,0,0,0,0,4,0,0,0,31,5,1184
BANCA D'ITALIA,3030,0,2,0,0,0,3,8,0,0,5,3,498
North Carolina Farm Bureau Insurance Group,3000,1,0,1,0,1,3,0,0,0,5,1,1847
Itron,2940,0,11,0,0,0,14,0,2,0,70,9,1175
TPICAP,2919,1,1,0,0,0,2,0,0,1,19,2,580
Raytheon Company [Missile Systems] (child),2902,0,1,1,0,1,1,5,0,0,2,1,423
UNIQA Software Service GMBH,2754,1,0,2,1,0,3,2,0,0,4,3,717
iconectiv,2750,1,4,5,1,4,10,0,0,0,15,9,2513
Mentor - Embedded Systems Division,2700,1,2,1,0,0,2,0,0,0,2,2,1247
Barclays UK,2673,10,75,2,0,2,96,4,0,1,99,28,4138
webadeo,2628,0,0,0,0,0,0,0,0,0,0,0,0
IQVIA fka IMS Health,2600,4,1,3,0,1,8,0,0,0,262,9,1831
Pitney Bowes Inc.,2565,11,88,5,0,1,103,0,1,1,184,15,4908
New York Life,2551,3,5,1,0,0,20,0,0,0,383,7,1070
Yale University,2545,0,4,1,0,0,5,0,0,0,20,6,1119
Apple Inc [Strategic Data Solutions - Manufacturing Quality] (child),2516,0,0,0,0,0,0,0,0,0,0,0,0
Core Digital Media,2500,0,1,0,0,0,2,0,0,1,6,2,260
Swedish Employment Service (Arbetsförmedlingen),2355,0,3,0,0,0,4,4,0,0,19,2,412
"Brainshark, Inc.",2300,0,2,0,0,0,3,0,0,0,15,3,600
Alm Brand,2251,1,0,0,0,0,1,0,0,0,10,3,1002
Cloud9 Technologies,2250,0,0,0,0,0,0,0,0,0,6,2,1235
Allianz UK,2227,3,9,1,0,0,11,0,0,0,68,8,2191
Apple Online Store,2160,0,0,0,0,0,0,0,0,0,0,0,0
Evry Norge AS,2136,2,9,2,0,2,14,0,0,1,25,13,3479
Insperity,2134,1,2,1,0,0,13,2,0,0,112,8,1256
Nice Actimize,2120,0,9,2,0,2,18,0,0,0,36,6,1582
Squaretrade,2081,0,0,1,0,0,2,0,0,0,18,5,824
Trend Micro,2000,4,33,4,0,2,39,0,0,0,116,8,2273
Cook Research Incorporated,2000,1,2,1,0,0,3,0,0,0,12,3,1061
Information Service Center WBF ISCeco,1988,1,1,1,0,0,5,0,0,0,7,3,896
Securian Financial Group,1953,4,2,1,0,0,5,0,0,0,23,8,3130
Abiomed,1850,4,1,0,0,0,9,0,0,0,23,5,1430
Pepperl+Fuchs GmbH,1826,1,0,1,0,0,1,0,0,0,8,4,913
IDeaS,1784,6,6,3,0,2,10,0,0,0,15,8,1929
AG2R La Mondiale,1711,0,2,3,0,0,6,0,0,1,27,3,1011
SVB Financial Group,1613,3,3,4,0,3,11,0,0,0,43,7,1558
Hyatt Corporation,1550,2,0,0,0,0,4,1,2,0,47,2,266
Deutsche WertpapierServiceBank AG,1536,0,0,0,0,0,1,0,0,0,5,2,393
NetApp,1500,7,43,8,0,4,80,1,0,0,385,26,4409
Pentaho,1500,3,2,1,1,0,7,0,0,0,18,4,1954
"Shared Technology Services Group, Inc.",1500,0,0,0,0,0,1,0,0,0,7,2,392
Starwood Hotels,1500,1,0,0,0,0,5,0,0,0,62,1,292
Cerved Group S.p.a.,1425,0,1,0,0,0,1,2,0,0,4,1,450
Avianca,1375,2,0,1,0,0,8,3,0,0,12,5,747
NETSUITE TEST DO NOT USE 1,1346,0,0,0,0,0,0,0,0,0,1,0,0
CareCentrix,1346,2,0,0,0,0,2,1,0,0,23,6,1715
Phillips 66,1302,2,5,0,0,0,7,3,0,0,71,1,288
Panasonic,1300,0,3,1,0,0,4,0,0,0,13,3,258
Apple Inc [R&D IS&T] (child),1212,0,0,0,0,0,0,3,0,0,0,0,0
TCF NATIONAL BANK,1150,4,0,1,0,1,22,1,0,0,55,9,1785
Colorado Judicial Branch,1147,1,0,0,0,0,7,2,0,1,13,2,275
Federal Reserve Bank of Richmond,1115,0,2,0,0,0,6,1,0,0,36,1,340
"Weight Watchers International, Inc.",1050,4,4,1,0,0,15,0,0,0,56,5,1103
AGFA Healthcare,1013,0,0,0,0,0,0,0,0,0,8,0,0
Honeywell HQ,970,22,25,11,1,2,61,6,0,1,484,14,3691
MN Services,933,0,0,1,0,0,2,1,0,0,9,2,429
NetJets,913,4,1,2,0,0,18,0,0,0,29,6,2008
Dirk Rossmann GmbH,790,0,1,0,0,0,1,0,0,0,6,1,-200
Cielo SA,786,9,16,7,0,3,29,3,0,0,35,5,1541
EMC IT Innovation,700,0,0,0,0,0,0,0,0,0,5,1,200
Accenture UK (INC),694,0,0,0,0,0,0,0,0,0,0,0,0
Mentor - Design Verification Technologies Division,671,2,1,0,0,0,2,0,0,0,3,2,533
Service Benefit Plan Administrative Services Corporation (SBPASC),645,15,8,5,0,0,34,0,0,0,69,19,6549
Unisys,575,29,37,12,2,2,74,2,0,0,121,48,8232
Kickback Rewards Systems,565,1,1,0,0,0,2,0,0,0,5,2,359
"Covance, Inc.",540,0,1,1,0,1,2,0,0,0,26,2,156
Bosch Rexroth AG,518,0,0,0,0,0,2,3,0,0,3,1,487
Leopold Kostal GmbH & Co. KG,506,1,0,1,0,1,2,0,0,0,13,3,1498
MFS Investment Management,402,7,3,3,0,2,14,4,0,0,17,4,1899
Siemens PLM Software Inc,397,2,5,0,0,0,7,3,0,0,17,6,864
Guidance,370,0,0,2,0,0,3,0,0,0,7,3,323
LifeCare Assurance,370,0,0,0,0,0,0,0,0,0,10,2,400
Lumos Networks,277,0,0,1,0,1,1,0,0,0,13,1,253
Amdocs-US [Qpass] (child),250,6,24,2,0,1,61,0,0,0,84,20,2911
John Lewis Plc,210,4,10,4,0,3,20,2,0,0,23,6,1634
Apple Retail Engineering,171,1,0,1,0,1,1,1,0,1,2,1,685
NetSuite Connector Extension,29,0,0,0,0,0,0,0,0,0,0,0,0
Sky UK,4,1,21,2,0,2,29,2,0,1,43,7,1392
"MultiPlan, Inc.",0,1,0,4,0,4,10,0,0,0,21,5,1253
